command,mean,stddev,user,system,min,max
./HW_reboot2/hw_reboot2,0.12940245691673913,0.002678304353789379,0.12682164326086956,0.002063804782608696,0.12491556139500003,0.135356509395
./HW_reboot/hw_reboot,0.14455706759499998,0.0030310954141312915,0.14202841500000002,0.0019686825,0.140145646395,0.149950483395
./HW2/hw2,0.22174107001038462,0.003962700696480779,0.21919108807692306,0.0014086815384615385,0.215304611395,0.22693154439500002
Rscript mlp.R,0.3869428014950001,0.0025196933708782686,0.369103265,0.018216464999999994,0.38276656339500004,0.390245142395
./hw_peroxide/target/release/hw_peroxide,0.01565185743666666,0.000761967999091726,0.014780801904761897,0.0010327258035714285,0.013723291395,0.017444570395
python3 hw_tensorflow/tf.py,2.235018084895,0.026966426729271464,2.6897866649999997,0.30237476500000005,2.204978504395,2.297061830395
