command,mean,stddev,user,system,min,max
./HW_reboot2/hw_reboot2,0.12915301534934784,0.002606040254174877,0.12752270978260868,0.0015386108695652173,0.123859904045,0.132671281045
./HW_reboot/hw_reboot,0.14412536629499997,0.0024261291275721256,0.14225182499999997,0.001328062,0.139587035045,0.147241620045
./HW2/hw2,0.2196053714296154,0.0033652901419039274,0.21661550576923078,0.0026008023076923075,0.215685810045,0.22463730204500001
Rscript mlp.R,0.39134875964499993,0.004213156453357217,0.36542527500000005,0.026617804999999994,0.384876490045,0.39758061704500003
./hw_peroxide/target/release/hw_peroxide,0.015699845990054945,0.0008857585659788476,0.014891599175824177,0.000988725357142857,0.013793141045,0.019008076045000002
