command,mean,stddev,user,system,min,max
./Chapel/bin/stats,0.083881849815,0.0070771347149440585,0.089254745,0.025204625,0.07843647141500001,0.11532989441500001
./D/bin/stats,0.40773799741500005,0.004925477369257612,0.386110925,0.020002225000000002,0.39988879541500005,0.41292735641500006
./Nim/stats,0.19022819677214287,0.008049457985154393,0.1237791107142857,0.06520093928571427,0.18216627241500002,0.21160630441500003
./Rust/bin/stats,0.08652053753999998,0.0017973709909616432,0.06617304374999998,0.019755787499999997,0.083517519415,0.09089591241500002
./Chapel/bin/stats_class,0.361128423115,0.012423294603505065,0.477414325,0.203989625,0.34563978441500004,0.38288089741500003
./D/bin/stats_struct,0.493637073715,0.013441036793016415,0.466659225,0.024085225,0.46491834541500004,0.512223522415
