command,mean,stddev,user,system,min,max
./Chapel/bin/stats,0.0876951657525,0.0035214209077169536,0.09195496250000001,0.029069547499999994,0.082993519565,0.09795947856500001
./D/bin/stats,0.42939349776500013,0.011390905017383728,0.4035310750000001,0.02414081,0.41609220556500004,0.44868701456500004
./Nim/stats,0.19740273185071433,0.0025047412666691963,0.1257876321428571,0.07030253857142857,0.19413311156500002,0.20220492856500002
./Rust/bin/stats,0.08855176956499998,0.0017285682792949077,0.06682104772727272,0.021231610000000005,0.086242839565,0.09206447856500001
./Chapel/bin/stats_class,0.36775926406500004,0.01016379924379743,0.480759675,0.21122081,0.35674237756500005,0.38654858156500005
./D/bin/stats_struct,0.13148975356499998,0.003184081092109861,0.10829872738095239,0.022537371904761905,0.125837944565,0.13997106556500002
