command,mean,stddev,user,system,min,max
./Chapel/bin/stats,0.08175443277534483,0.004149380579898928,0.08780239465517242,0.02395886724137931,0.079432123465,0.100161458465
./D/bin/stats,0.40331201936500005,0.009302477441172253,0.378181205,0.023648250000000003,0.39114691246500005,0.415474879465
./Nim/stats,0.18102300193166668,0.004233167164713606,0.11746810499999999,0.06271801666666667,0.175965875465,0.19084363546500002
./Rust/bin/stats,0.07975129510388891,0.0010334331140659583,0.06141687166666668,0.017941433333333326,0.07871657046500001,0.083773037465
./Chapel/bin/stats_class,0.336129921265,0.002908833534315091,0.4569746049999999,0.17966615,0.332339158465,0.34101795646500005
./D/bin/stats_struct,0.426822025165,0.012886720531458593,0.403825105,0.02153555,0.405963080465,0.445639674465
